{"cameraMode":{"drawMode":0,"name":"Shaded","section":"Shading Mode"},"sceneLighting":false,"audioPlay":false,"sceneViewState":{"m_AlwaysRefresh":false,"showFog":true,"showSkybox":false,"showFlares":true,"showImageEffects":true,"showParticleSystems":true,"showVisualEffectGraphs":true,"m_FxEnabled":true},"in2DMode":false,"pivot":{"x":-20.64373779296875,"y":-1.6885781288146973,"z":-6.1835737228393559},"rotation":{"x":0.10936102271080017,"y":0.17381370067596436,"z":-0.019449269399046899,"w":0.9784870147705078},"size":13.12301254272461,"orthographic":false}