{"cameraMode":{"drawMode":0,"name":"Shaded","section":"Shading Mode"},"sceneLighting":false,"audioPlay":false,"sceneViewState":{"m_AlwaysRefresh":false,"showFog":true,"showSkybox":false,"showFlares":true,"showImageEffects":true,"showParticleSystems":true,"showVisualEffectGraphs":true,"m_FxEnabled":true},"in2DMode":false,"pivot":{"x":-20.6973876953125,"y":-2.364119529724121,"z":-14.18472957611084},"rotation":{"x":-0.051226962357759479,"y":-0.047630321234464648,"z":0.0024879241827875377,"w":-0.9975613951683044},"size":7.280383110046387,"orthographic":false}