{"cameraMode":{"drawMode":0,"name":"Shaded","section":"Shading Mode"},"sceneLighting":false,"audioPlay":false,"sceneViewState":{"m_AlwaysRefresh":false,"showFog":true,"showSkybox":false,"showFlares":true,"showImageEffects":true,"showParticleSystems":true,"showVisualEffectGraphs":true,"m_FxEnabled":true},"in2DMode":false,"pivot":{"x":-18.784345626831056,"y":-0.9180402755737305,"z":-12.893437385559082},"rotation":{"x":0.6417284607887268,"y":-0.22824424505233766,"z":-0.20865073800086976,"w":-0.7018136978149414},"size":10.063281059265137,"orthographic":false}