{"cameraMode":{"drawMode":0,"name":"Shaded","section":"Shading Mode"},"sceneLighting":false,"audioPlay":false,"sceneViewState":{"m_AlwaysRefresh":false,"showFog":true,"showSkybox":false,"showFlares":true,"showImageEffects":true,"showParticleSystems":true,"showVisualEffectGraphs":true,"m_FxEnabled":true},"in2DMode":false,"pivot":{"x":-12.579734802246094,"y":2.0135140419006349,"z":-2.0287399291992189},"rotation":{"x":-0.036121100187301639,"y":-0.09849072247743607,"z":0.0036135916598141195,"w":-0.9944876432418823},"size":15.208181381225586,"orthographic":false}