{"cameraMode":{"drawMode":0,"name":"Shaded","section":"Shading Mode"},"sceneLighting":false,"audioPlay":false,"sceneViewState":{"m_AlwaysRefresh":false,"showFog":true,"showSkybox":false,"showFlares":true,"showImageEffects":true,"showParticleSystems":true,"showVisualEffectGraphs":true,"m_FxEnabled":true},"in2DMode":false,"pivot":{"x":-20.8785457611084,"y":-0.06359478831291199,"z":-18.83795166015625},"rotation":{"x":0.029677342623472215,"y":0.024272389709949495,"z":0.0007762763416394591,"w":-0.999285876750946},"size":11.027323722839356,"orthographic":false}