{"cameraMode":{"drawMode":0,"name":"Shaded","section":"Shading Mode"},"sceneLighting":false,"audioPlay":false,"sceneViewState":{"m_AlwaysRefresh":false,"showFog":true,"showSkybox":false,"showFlares":true,"showImageEffects":true,"showParticleSystems":true,"showVisualEffectGraphs":true,"m_FxEnabled":true},"in2DMode":false,"pivot":{"x":-21.88909339904785,"y":4.818403244018555,"z":-6.24479866027832},"rotation":{"x":-0.0019506526878103614,"y":-0.9943765997886658,"z":-0.019090695306658746,"w":0.10420949757099152},"size":11.827228546142579,"orthographic":false}