{"cameraMode":{"drawMode":0,"name":"Shaded","section":"Shading Mode"},"sceneLighting":false,"audioPlay":false,"sceneViewState":{"m_AlwaysRefresh":false,"showFog":true,"showSkybox":false,"showFlares":true,"showImageEffects":true,"showParticleSystems":true,"showVisualEffectGraphs":true,"m_FxEnabled":true},"in2DMode":false,"pivot":{"x":-18.024446487426759,"y":2.8541040420532228,"z":-7.503786087036133},"rotation":{"x":0.04371487349271774,"y":-0.06110169738531113,"z":0.0026236576959490778,"w":0.99716717004776},"size":11.549683570861817,"orthographic":false}