{"cameraMode":{"drawMode":0,"name":"Shaded","section":"Shading Mode"},"sceneLighting":false,"audioPlay":false,"sceneViewState":{"m_AlwaysRefresh":false,"showFog":true,"showSkybox":false,"showFlares":true,"showImageEffects":true,"showParticleSystems":true,"showVisualEffectGraphs":true,"m_FxEnabled":true},"in2DMode":false,"pivot":{"x":-11.159164428710938,"y":0.6596572399139404,"z":-7.101578235626221},"rotation":{"x":0.006760434713214636,"y":0.9919929504394531,"z":-0.059898752719163898,"w":0.11174185574054718},"size":14.480289459228516,"orthographic":false}