{"cameraMode":{"drawMode":0,"name":"Shaded","section":"Shading Mode"},"sceneLighting":false,"audioPlay":false,"sceneViewState":{"m_AlwaysRefresh":false,"showFog":true,"showSkybox":false,"showFlares":true,"showImageEffects":true,"showParticleSystems":true,"showVisualEffectGraphs":true,"m_FxEnabled":true},"in2DMode":false,"pivot":{"x":-22.45992088317871,"y":-1.5275208950042725,"z":-2.3480677604675295},"rotation":{"x":0.009294956922531128,"y":0.04978225380182266,"z":-0.0004896926693618298,"w":0.9987056851387024},"size":16.27420997619629,"orthographic":false}