{"cameraMode":{"drawMode":0,"name":"Shaded","section":"Shading Mode"},"sceneLighting":false,"audioPlay":false,"sceneViewState":{"m_AlwaysRefresh":false,"showFog":true,"showSkybox":false,"showFlares":true,"showImageEffects":true,"showParticleSystems":true,"showVisualEffectGraphs":true,"m_FxEnabled":true},"in2DMode":false,"pivot":{"x":-19.458524703979493,"y":5.011615753173828,"z":-9.0504150390625},"rotation":{"x":-0.0032949126325547697,"y":0.10807500034570694,"z":-0.00031032017432153225,"w":-0.9941421747207642},"size":11.909162521362305,"orthographic":false}