{"cameraMode":{"drawMode":0,"name":"Shaded","section":"Shading Mode"},"sceneLighting":false,"audioPlay":false,"sceneViewState":{"m_AlwaysRefresh":false,"showFog":true,"showSkybox":false,"showFlares":true,"showImageEffects":true,"showParticleSystems":true,"showVisualEffectGraphs":true,"m_FxEnabled":true},"in2DMode":false,"pivot":{"x":-17.968482971191408,"y":2.2730512619018556,"z":-9.733023643493653},"rotation":{"x":0.027298543602228166,"y":0.01829494722187519,"z":-0.0005490788607858121,"w":0.9994379878044128},"size":9.169290542602539,"orthographic":false}